{
    "root_group": {
        "id": "d41d8cd98f00b204e9800998ecf8427e",
        "groups": {},
        "checks": {
                "checkout ok": {
                    "fails": 0,
                    "name": "checkout ok",
                    "path": "::checkout ok",
                    "id": "022ebb263ea0594b856f7b013cb81abe",
                    "passes": 8242
                }
            },
        "name": "",
        "path": ""
    },
    "metrics": {
        "http_req_failed": {
            "passes": 0,
            "fails": 16484,
            "thresholds": {
                "rate<0.1": false
            },
            "value": 0
        },
        "data_received": {
            "count": 7604963,
            "rate": 76036.98352889947
        },
        "http_req_sending": {
            "avg": 0.01499241688910313,
            "min": 0.003,
            "med": 0.013,
            "max": 3.229,
            "p(90)": 0.02,
            "p(95)": 0.026
        },
        "iteration_duration": {
            "avg": 12.120921074132484,
            "min": 6.867417,
            "med": 10.1597495,
            "max": 182.178541,
            "p(90)": 18.7360003,
            "p(95)": 22.398052099999994
        },
        "iterations": {
            "count": 8242,
            "rate": 82.40629418515113
        },
        "http_req_waiting": {
            "avg": 5.874910761950971,
            "min": 1.428,
            "med": 5.547499999999999,
            "max": 157.258,
            "p(90)": 10.870200000000002,
            "p(95)": 14.628
        },
        "http_req_tls_handshaking": {
            "avg": 0,
            "min": 0,
            "med": 0,
            "max": 0,
            "p(90)": 0,
            "p(95)": 0
        },
        "http_req_receiving": {
            "med": 0.056,
            "max": 15.958,
            "p(90)": 0.09,
            "p(95)": 0.115,
            "avg": 0.06728937151176854,
            "min": 0.014
        },
        "vus": {
            "min": 1,
            "max": 1,
            "value": 1
        },
        "http_req_blocked": {
            "med": 0.003,
            "max": 4.22,
            "p(90)": 0.005,
            "p(95)": 0.005,
            "avg": 0.004215542344091332,
            "min": 0.001
        },
        "http_reqs": {
            "count": 16484,
            "rate": 164.81258837030225
        },
        "vus_max": {
            "value": 1,
            "min": 1,
            "max": 1
        },
        "checks": {
            "passes": 8242,
            "fails": 0,
            "value": 1
        },
        "http_req_duration{expected_response:true}": {
            "avg": 5.957192550351874,
            "min": 1.48,
            "med": 5.634,
            "max": 157.325,
            "p(90)": 10.956100000000001,
            "p(95)": 14.727049999999975
        },
        "http_req_duration": {
            "p(90)": 10.956100000000001,
            "p(95)": 14.727049999999975,
            "avg": 5.957192550351874,
            "min": 1.48,
            "med": 5.634,
            "max": 157.325,
            "thresholds": {
                "p(95)<10000": false
            }
        },
        "data_sent": {
            "rate": 59579.75069586426,
            "count": 5958966
        },
        "http_req_connecting": {
            "p(90)": 0,
            "p(95)": 0,
            "avg": 0.000025600582382916766,
            "min": 0,
            "med": 0,
            "max": 0.422
        }
    }
}