{
    "root_group": {
        "groups": {},
        "checks": {
                "status 200": {
                    "name": "status 200",
                    "path": "::status 200",
                    "id": "fad9fa412b86fcb03bee97c80dcd61f1",
                    "passes": 802,
                    "fails": 0
                }
            },
        "name": "",
        "path": "",
        "id": "d41d8cd98f00b204e9800998ecf8427e"
    },
    "metrics": {
        "http_reqs": {
            "count": 802,
            "rate": 8.019364946489887
        },
        "http_req_duration": {
            "avg": 8.056728179551126,
            "min": 3.512,
            "med": 8.0045,
            "max": 32.333,
            "p(90)": 12.0524,
            "p(95)": 13.13695,
            "thresholds": {
                "p(95)<2000": false
            }
        },
        "http_req_blocked": {
            "med": 0.006,
            "max": 4.915,
            "p(90)": 0.009,
            "p(95)": 0.012949999999999963,
            "avg": 0.0186109725685786,
            "min": 0.002
        },
        "data_sent": {
            "count": 62556,
            "rate": 625.5104658262112
        },
        "http_req_receiving": {
            "max": 1.071,
            "p(90)": 0.23580000000000004,
            "p(95)": 0.32489999999999997,
            "avg": 0.11908728179551133,
            "min": 0.023,
            "med": 0.08549999999999999
        },
        "http_req_connecting": {
            "min": 0,
            "med": 0,
            "max": 0.646,
            "p(90)": 0,
            "p(95)": 0,
            "avg": 0.005685785536159601
        },
        "http_req_sending": {
            "p(90)": 0.03,
            "p(95)": 0.037,
            "avg": 0.02204114713216957,
            "min": 0.008,
            "med": 0.018,
            "max": 1.223
        },
        "vus_max": {
            "value": 10,
            "min": 10,
            "max": 10
        },
        "http_req_failed": {
            "passes": 0,
            "fails": 802,
            "thresholds": {
                "rate<0.05": false
            },
            "value": 0
        },
        "http_req_tls_handshaking": {
            "avg": 0,
            "min": 0,
            "med": 0,
            "max": 0,
            "p(90)": 0,
            "p(95)": 0
        },
        "data_received": {
            "count": 724358,
            "rate": 7243.0064263211
        },
        "iterations": {
            "count": 802,
            "rate": 8.019364946489887
        },
        "iteration_duration": {
            "max": 1040.5645,
            "p(90)": 1013.0733994,
            "p(95)": 1014.2734631,
            "avg": 1009.0385654463834,
            "min": 1004.154833,
            "med": 1008.9771665000001
        },
        "checks": {
            "fails": 0,
            "passes": 802,
            "value": 1
        },
        "http_req_duration{expected_response:true}": {
            "max": 32.333,
            "p(90)": 12.0524,
            "p(95)": 13.13695,
            "avg": 8.056728179551126,
            "min": 3.512,
            "med": 8.0045
        },
        "http_req_waiting": {
            "p(95)": 13.015799999999999,
            "avg": 7.915599750623448,
            "min": 3.419,
            "med": 7.822,
            "max": 32.043,
            "p(90)": 11.870700000000001
        },
        "vus": {
            "value": 1,
            "min": 1,
            "max": 10
        }
    }
}