{
    "root_group": {
        "path": "",
        "id": "d41d8cd98f00b204e9800998ecf8427e",
        "groups": {},
        "checks": {
                "checkout ok": {
                    "id": "022ebb263ea0594b856f7b013cb81abe",
                    "passes": 44771,
                    "fails": 0,
                    "name": "checkout ok",
                    "path": "::checkout ok"
                }
            },
        "name": ""
    },
    "metrics": {
        "checks": {
            "passes": 44771,
            "fails": 0,
            "value": 1
        },
        "http_req_connecting": {
            "avg": 0.00288002278260481,
            "min": 0,
            "med": 0,
            "max": 3.839,
            "p(90)": 0,
            "p(95)": 0
        },
        "iterations": {
            "count": 44771,
            "rate": 447.70047741084545
        },
        "vus_max": {
            "value": 1,
            "min": 1,
            "max": 1
        },
        "http_req_failed": {
            "passes": 0,
            "fails": 89542,
            "thresholds": {
                "rate<0.05": false
            },
            "value": 0
        },
        "http_req_receiving": {
            "max": 2.35,
            "p(90)": 0.049,
            "p(95)": 0.067,
            "avg": 0.027629347122021013,
            "min": 0.004,
            "med": 0.024
        },
        "vus": {
            "value": 1,
            "min": 1,
            "max": 1
        },
        "data_received": {
            "count": 33237087,
            "rate": 332363.8006219608
        },
        "iteration_duration": {
            "p(90)": 2.860917,
            "p(95)": 3.4142079999999986,
            "avg": 2.226748842018269,
            "min": 1.407209,
            "med": 2.00675,
            "max": 51.557917
        },
        "http_req_blocked": {
            "med": 0.002,
            "max": 3.914,
            "p(90)": 0.003,
            "p(95)": 0.004,
            "avg": 0.005306526546199979,
            "min": 0
        },
        "http_req_tls_handshaking": {
            "med": 0,
            "max": 0,
            "p(90)": 0,
            "p(95)": 0,
            "avg": 0,
            "min": 0
        },
        "data_sent": {
            "count": 11819544,
            "rate": 118192.9260364632
        },
        "http_req_duration": {
            "p(95)": 1.648,
            "avg": 1.0618782917513543,
            "min": 0.605,
            "med": 0.956,
            "max": 33.87,
            "p(90)": 1.387,
            "thresholds": {
                "p(95)<5000": false
            }
        },
        "http_req_sending": {
            "p(90)": 0.013,
            "p(95)": 0.016,
            "avg": 0.007780594581310657,
            "min": 0.001,
            "med": 0.007,
            "max": 1.829
        },
        "http_req_waiting": {
            "med": 0.924,
            "max": 33.807,
            "p(90)": 1.348,
            "p(95)": 1.599,
            "avg": 1.026468350048019,
            "min": 0.595
        },
        "http_req_duration{expected_response:true}": {
            "p(95)": 1.648,
            "avg": 1.0618782917513543,
            "min": 0.605,
            "med": 0.956,
            "max": 33.87,
            "p(90)": 1.387
        },
        "http_reqs": {
            "count": 89542,
            "rate": 895.4009548216909
        }
    }
}