{
    "root_group": {
        "groups": {},
        "checks": {
                "checkout ok": {
                    "name": "checkout ok",
                    "path": "::checkout ok",
                    "id": "022ebb263ea0594b856f7b013cb81abe",
                    "passes": 36604,
                    "fails": 0
                }
            },
        "name": "",
        "path": "",
        "id": "d41d8cd98f00b204e9800998ecf8427e"
    },
    "metrics": {
        "iteration_duration": {
            "avg": 2.726747008141207,
            "min": 1.70925,
            "med": 2.5639374999999998,
            "max": 125.205292,
            "p(90)": 3.439042,
            "p(95)": 3.922835699999999
        },
        "http_req_failed": {
            "passes": 0,
            "fails": 73208,
            "thresholds": {
                "rate<0.05": false
            },
            "value": 0
        },
        "http_req_blocked": {
            "avg": 0.004819678177247251,
            "min": 0,
            "med": 0.001,
            "max": 2.416,
            "p(90)": 0.003,
            "p(95)": 0.003
        },
        "http_req_connecting": {
            "p(95)": 0,
            "avg": 0.002704226314064035,
            "min": 0,
            "med": 0,
            "max": 1.036,
            "p(90)": 0
        },
        "http_req_receiving": {
            "max": 2.816,
            "p(90)": 0.061,
            "p(95)": 0.092,
            "avg": 0.02861046606928032,
            "min": 0.004,
            "med": 0.019
        },
        "checks": {
            "fails": 0,
            "passes": 36604,
            "value": 1
        },
        "http_reqs": {
            "count": 73208,
            "rate": 732.0630820221744
        },
        "http_req_tls_handshaking": {
            "avg": 0,
            "min": 0,
            "med": 0,
            "max": 0,
            "p(90)": 0,
            "p(95)": 0
        },
        "http_req_sending": {
            "med": 0.006,
            "max": 0.701,
            "p(90)": 0.012,
            "p(95)": 0.014,
            "avg": 0.007009493497975835,
            "min": 0.001
        },
        "vus": {
            "value": 1,
            "min": 1,
            "max": 1
        },
        "http_req_duration": {
            "avg": 1.3194584061851105,
            "min": 0.693,
            "med": 1.213,
            "max": 79.03,
            "p(90)": 1.758,
            "p(95)": 2.01,
            "thresholds": {
                "p(95)<5000": false
            }
        },
        "data_sent": {
            "count": 29136784,
            "rate": 291361.1066448254
        },
        "iterations": {
            "count": 36604,
            "rate": 366.0315410110872
        },
        "data_received": {
            "count": 27210692,
            "rate": 272100.63175440015
        },
        "vus_max": {
            "value": 1,
            "min": 1,
            "max": 1
        },
        "http_req_duration{expected_response:true}": {
            "max": 79.03,
            "p(90)": 1.758,
            "p(95)": 2.01,
            "avg": 1.3194584061851105,
            "min": 0.693,
            "med": 1.213
        },
        "http_req_waiting": {
            "max": 77.587,
            "p(90)": 1.725,
            "p(95)": 1.973,
            "avg": 1.283838446617861,
            "min": 0.662,
            "med": 1.182
        }
    }
}