{
    "root_group": {
        "checks": {
            "status 200": {
                "name": "status 200",
                "path": "::status 200",
                "id": "fad9fa412b86fcb03bee97c80dcd61f1",
                "passes": 1587,
                "fails": 0
            },
            "tem produtos": {
                "path": "::tem produtos",
                "id": "f71043f60cd6d8d7b249c2ca96a721fd",
                "passes": 1587,
                "fails": 0,
                "name": "tem produtos"
            }
        },
        "name": "",
        "path": "",
        "id": "d41d8cd98f00b204e9800998ecf8427e",
        "groups": {}
    },
    "metrics": {
        "http_req_duration{expected_response:true}": {
            "min": 2.486,
            "med": 7.739,
            "max": 53.128,
            "p(90)": 10.737,
            "p(95)": 11.5048,
            "avg": 7.76647069943291
        },
        "http_req_tls_handshaking": {
            "med": 0,
            "max": 0,
            "p(90)": 0,
            "p(95)": 0,
            "avg": 0,
            "min": 0
        },
        "http_req_sending": {
            "max": 0.375,
            "p(90)": 0.035,
            "p(95)": 0.041,
            "avg": 0.021634530560806577,
            "min": 0.003,
            "med": 0.018
        },
        "http_req_receiving": {
            "med": 0.061,
            "max": 1.753,
            "p(90)": 0.13140000000000004,
            "p(95)": 0.172,
            "avg": 0.0788292375551356,
            "min": 0.01
        },
        "vus_max": {
            "value": 10,
            "min": 10,
            "max": 10
        },
        "http_req_waiting": {
            "p(95)": 11.352099999999998,
            "avg": 7.666006931316958,
            "min": 2.437,
            "med": 7.654,
            "max": 53.076,
            "p(90)": 10.596
        },
        "iterations": {
            "count": 1587,
            "rate": 15.815864667622428
        },
        "vus": {
            "value": 1,
            "min": 1,
            "max": 10
        },
        "iteration_duration": {
            "min": 503.115542,
            "med": 508.726709,
            "max": 554.465583,
            "p(90)": 511.8528332,
            "p(95)": 512.6333707,
            "avg": 508.7723267971015
        },
        "http_req_duration": {
            "p(95)": 11.5048,
            "avg": 7.76647069943291,
            "min": 2.486,
            "med": 7.739,
            "max": 53.128,
            "p(90)": 10.737,
            "thresholds": {
                "p(95)<500": false
            }
        },
        "http_req_failed": {
            "fails": 1587,
            "passes": 0,
            "thresholds": {
                "rate<0.05": false
            },
            "value": 0
        },
        "http_req_blocked": {
            "avg": 0.017657214870825576,
            "min": 0.001,
            "med": 0.006,
            "max": 2.901,
            "p(90)": 0.012,
            "p(95)": 0.014
        },
        "data_received": {
            "count": 6717961,
            "rate": 66950.44865681502
        },
        "data_sent": {
            "count": 182505,
            "rate": 1818.8244367765792
        },
        "http_reqs": {
            "count": 1587,
            "rate": 15.815864667622428
        },
        "http_req_connecting": {
            "min": 0,
            "med": 0,
            "max": 1.669,
            "p(90)": 0,
            "p(95)": 0,
            "avg": 0.007568998109640832
        },
        "checks": {
            "passes": 3174,
            "fails": 0,
            "value": 1
        }
    }
}