{
    "root_group": {
        "name": "",
        "path": "",
        "id": "d41d8cd98f00b204e9800998ecf8427e",
        "groups": {},
        "checks": {
                "status 200": {
                    "name": "status 200",
                    "path": "::status 200",
                    "id": "fad9fa412b86fcb03bee97c80dcd61f1",
                    "passes": 317476,
                    "fails": 0
                },
                "tem produtos": {
                    "passes": 317476,
                    "fails": 0,
                    "name": "tem produtos",
                    "path": "::tem produtos",
                    "id": "f71043f60cd6d8d7b249c2ca96a721fd"
                }
            }
    },
    "metrics": {
        "http_req_failed": {
            "passes": 0,
            "fails": 317476,
            "thresholds": {
                "rate<0.05": false
            },
            "value": 0
        },
        "vus": {
            "value": 1,
            "min": 1,
            "max": 10
        },
        "http_req_tls_handshaking": {
            "avg": 0,
            "min": 0,
            "med": 0,
            "max": 0,
            "p(90)": 0,
            "p(95)": 0
        },
        "http_req_receiving": {
            "max": 7.543,
            "p(90)": 0.105,
            "p(95)": 0.146,
            "avg": 0.047061025085377454,
            "min": 0.005,
            "med": 0.025
        },
        "iteration_duration": {
            "avg": 2.5323460189620577,
            "min": 1.004875,
            "med": 2.428166,
            "max": 30.621292,
            "p(90)": 3.3104795000000005,
            "p(95)": 3.6743442499999994
        },
        "http_req_duration{expected_response:true}": {
            "p(95)": 3.632,
            "avg": 2.500229623656488,
            "min": 0.988,
            "med": 2.399,
            "max": 30.567,
            "p(90)": 3.273
        },
        "http_req_blocked": {
            "max": 3.617,
            "p(90)": 0.002,
            "p(95)": 0.003,
            "avg": 0.003803830840743683,
            "min": 0,
            "med": 0.001
        },
        "http_req_sending": {
            "min": 0,
            "med": 0.002,
            "max": 1.719,
            "p(90)": 0.006,
            "p(95)": 0.01,
            "avg": 0.0032955813982671303
        },
        "iterations": {
            "count": 317476,
            "rate": 3174.6999981700346
        },
        "http_reqs": {
            "count": 317476,
            "rate": 3174.6999981700346
        },
        "http_req_duration": {
            "avg": 2.500229623656488,
            "min": 0.988,
            "med": 2.399,
            "max": 30.567,
            "p(90)": 3.273,
            "p(95)": 3.632,
            "thresholds": {
                "p(95)<500": false
            }
        },
        "vus_max": {
            "value": 10,
            "min": 10,
            "max": 10
        },
        "checks": {
            "passes": 634952,
            "fails": 0,
            "value": 1
        },
        "http_req_connecting": {
            "avg": 0.0025334450478146486,
            "min": 0,
            "med": 0,
            "max": 1.915,
            "p(90)": 0,
            "p(95)": 0
        },
        "data_sent": {
            "count": 29207792,
            "rate": 292072.39983164315
        },
        "http_req_waiting": {
            "max": 30.543,
            "p(90)": 3.219,
            "p(95)": 3.571,
            "avg": 2.4498730171729326,
            "min": 0.966,
            "med": 2.349
        },
        "data_received": {
            "count": 1352825466,
            "rate": 13527998.980819263
        }
    }
}