{
    "root_group": {
        "name": "",
        "path": "",
        "id": "d41d8cd98f00b204e9800998ecf8427e",
        "groups": {},
        "checks": {
                "is status 200": {
                    "passes": 0,
                    "fails": 4502,
                    "name": "is status 200",
                    "path": "::is status 200",
                    "id": "548d37ca5f33793206f7832e7cea54fb"
                },
                "body is not empty": {
                    "name": "body is not empty",
                    "path": "::body is not empty",
                    "id": "07acb1819a671220411c076fcb8fe456",
                    "passes": 4502,
                    "fails": 0
                }
            }
    },
    "metrics": {
        "vus_max": {
            "value": 50,
            "min": 50,
            "max": 50
        },
        "data_received": {
            "count": 3399010,
            "rate": 28315.913696614578
        },
        "iteration_duration": {
            "p(90)": 1012.7775670000001,
            "p(95)": 1016.8823755999999,
            "avg": 1008.4344569537991,
            "min": 1001.490625,
            "med": 1007.410104,
            "max": 1062.918084
        },
        "data_sent": {
            "count": 774344,
            "rate": 6450.7776898247785
        },
        "http_req_connecting": {
            "p(95)": 1.7328499999999996,
            "avg": 0.5739369169258116,
            "min": 0.068,
            "med": 0.356,
            "max": 13.634,
            "p(90)": 1.128
        },
        "vus": {
            "min": 1,
            "max": 50,
            "value": 1
        },
        "http_req_failed": {
            "passes": 4502,
            "fails": 0,
            "thresholds": {
                "rate<0.01": true
            },
            "value": 1
        },
        "http_reqs": {
            "count": 4502,
            "rate": 37.50452145246964
        },
        "http_req_tls_handshaking": {
            "avg": 0,
            "min": 0,
            "med": 0,
            "max": 0,
            "p(90)": 0,
            "p(95)": 0
        },
        "http_req_waiting": {
            "avg": 5.6946621501554935,
            "min": 0.633,
            "med": 5.330500000000001,
            "max": 57.59,
            "p(90)": 8.6841,
            "p(95)": 11.104499999999998
        },
        "checks": {
            "passes": 4502,
            "fails": 4502,
            "value": 0.5
        },
        "http_req_sending": {
            "min": 0.006,
            "med": 0.029,
            "max": 3.928,
            "p(90)": 0.065,
            "p(95)": 0.1009499999999998,
            "avg": 0.04795424255886245
        },
        "iterations": {
            "count": 4502,
            "rate": 37.50452145246964
        },
        "http_req_blocked": {
            "med": 0.417,
            "max": 13.681,
            "p(90)": 1.252,
            "p(95)": 1.89695,
            "avg": 0.6449726788094176,
            "min": 0.081
        },
        "http_req_receiving": {
            "avg": 0.17804664593513994,
            "min": 0.011,
            "med": 0.108,
            "max": 9.242,
            "p(90)": 0.3059000000000001,
            "p(95)": 0.462
        },
        "http_req_duration": {
            "p(90)": 9.0126,
            "p(95)": 11.37965,
            "avg": 5.920663038649487,
            "min": 0.709,
            "med": 5.5385,
            "max": 61.039,
            "thresholds": {
                "p(95)<500": false
            }
        }
    }
}