{
    "metrics": {
        "vus": {
            "value": 2,
            "min": 2,
            "max": 50
        },
        "vus_max": {
            "value": 50,
            "min": 50,
            "max": 50
        },
        "http_reqs": {
            "count": 4517,
            "rate": 37.4263395242785
        },
        "http_req_blocked": {
            "p(95)": 2.106,
            "avg": 0.7374040292229369,
            "min": 0.046,
            "med": 0.435,
            "max": 34.394,
            "p(90)": 1.4114
        },
        "checks": {
            "passes": 4517,
            "fails": 4517,
            "value": 0.5
        },
        "data_received": {
            "count": 3410335,
            "rate": 28256.886340830264
        },
        "http_req_tls_handshaking": {
            "p(95)": 0,
            "avg": 0,
            "min": 0,
            "med": 0,
            "max": 0,
            "p(90)": 0
        },
        "data_sent": {
            "count": 776924,
            "rate": 6437.330398175901
        },
        "iterations": {
            "count": 4517,
            "rate": 37.4263395242785
        },
        "http_req_connecting": {
            "med": 0.371,
            "max": 34.356,
            "p(90)": 1.295600000000001,
            "p(95)": 1.9403999999999995,
            "avg": 0.653336285145006,
            "min": 0.038
        },
        "http_req_duration": {
            "avg": 1.8401131281824175,
            "min": 0.57,
            "med": 1.482,
            "max": 43.808,
            "p(90)": 2.4598,
            "p(95)": 3.2323999999999997,
            "thresholds": {
                "p(95)<500": false
            }
        },
        "http_req_receiving": {
            "max": 27.1,
            "p(90)": 0.233,
            "p(95)": 0.35379999999999917,
            "avg": 0.14301616116891733,
            "min": 0.01,
            "med": 0.077
        },
        "iteration_duration": {
            "min": 1000.950459,
            "med": 1003.575125,
            "max": 1067.611833,
            "p(90)": 1007.7768078,
            "p(95)": 1010.3975333999999,
            "avg": 1004.6607671394748
        },
        "http_req_sending": {
            "avg": 0.057484835067522264,
            "min": 0.005,
            "med": 0.031,
            "max": 12.745,
            "p(90)": 0.076,
            "p(95)": 0.141
        },
        "http_req_waiting": {
            "avg": 1.6396121319459833,
            "min": 0.51,
            "med": 1.327,
            "max": 43.468,
            "p(90)": 2.1874000000000002,
            "p(95)": 2.8573999999999966
        },
        "http_req_failed": {
            "passes": 4517,
            "fails": 0,
            "thresholds": {
                "rate<0.01": true
            },
            "value": 1
        }
    },
    "root_group": {
        "id": "d41d8cd98f00b204e9800998ecf8427e",
        "groups": {},
        "checks": {
                "is status 200": {
                    "name": "is status 200",
                    "path": "::is status 200",
                    "id": "548d37ca5f33793206f7832e7cea54fb",
                    "passes": 0,
                    "fails": 4517
                },
                "body is not empty": {
                    "name": "body is not empty",
                    "path": "::body is not empty",
                    "id": "07acb1819a671220411c076fcb8fe456",
                    "passes": 4517,
                    "fails": 0
                }
            },
        "name": "",
        "path": ""
    }
}