{
    "root_group": {
        "name": "",
        "path": "",
        "id": "d41d8cd98f00b204e9800998ecf8427e",
        "groups": {},
        "checks": {}
    },
    "metrics": {
        "http_req_tls_handshaking": {
            "avg": 0,
            "min": 0,
            "med": 0,
            "max": 0,
            "p(90)": 0,
            "p(95)": 0
        },
        "http_req_waiting": {
            "p(90)": 7.608,
            "p(95)": 10.232,
            "avg": 4.077605072702154,
            "min": 0.331,
            "med": 3.089,
            "max": 138.362
        },
        "http_req_duration": {
            "p(90)": 7.626,
            "p(95)": 10.255,
            "avg": 4.093358066320151,
            "min": 0.34,
            "med": 3.103,
            "max": 138.372
        },
        "http_req_blocked": {
            "max": 2.538,
            "p(90)": 0.001,
            "p(95)": 0.002,
            "avg": 0.0009564177741898318,
            "min": 0,
            "med": 0.001
        },
        "http_req_failed": {
            "passes": 486368,
            "fails": 0,
            "value": 1
        },
        "http_reqs": {
            "count": 486368,
            "rate": 9726.934932943432
        },
        "data_received": {
            "rate": 4617378.920541173,
            "count": 230879035
        },
        "http_req_sending": {
            "med": 0.002,
            "max": 9.751,
            "p(90)": 0.005,
            "p(95)": 0.007,
            "avg": 0.0036460848575317665,
            "min": 0.001
        },
        "data_sent": {
            "count": 88518976,
            "rate": 1770302.1577957044
        },
        "iterations": {
            "count": 486368,
            "rate": 9726.934932943432
        },
        "http_req_receiving": {
            "avg": 0.012106908760444486,
            "min": 0.004,
            "med": 0.008,
            "max": 19.895,
            "p(90)": 0.016,
            "p(95)": 0.025
        },
        "iteration_duration": {
            "p(90)": 7.651803900000001,
            "p(95)": 10.285026649999999,
            "avg": 4.118312086724452,
            "min": 0.357666,
            "med": 3.1270415,
            "max": 138.391792
        },
        "http_req_connecting": {
            "p(90)": 0,
            "p(95)": 0,
            "avg": 0.000024269688795315473,
            "min": 0,
            "med": 0,
            "max": 0.983
        },
        "vus_max": {
            "min": 50,
            "max": 50,
            "value": 50
        },
        "vus": {
            "value": 1,
            "min": 1,
            "max": 50
        }
    }
}