{
    "root_group": {
        "name": "",
        "path": "",
        "id": "d41d8cd98f00b204e9800998ecf8427e",
        "groups": {},
        "checks": {
                "is status 200": {
                    "fails": 4475,
                    "name": "is status 200",
                    "path": "::is status 200",
                    "id": "548d37ca5f33793206f7832e7cea54fb",
                    "passes": 0
                },
                "body is not empty": {
                    "fails": 4475,
                    "name": "body is not empty",
                    "path": "::body is not empty",
                    "id": "07acb1819a671220411c076fcb8fe456",
                    "passes": 0
                }
            }
    },
    "metrics": {
        "vus": {
            "value": 1,
            "min": 1,
            "max": 50
        },
        "data_received": {
            "count": 1275375,
            "rate": 10571.214339045033
        },
        "http_req_waiting": {
            "p(90)": 17.431,
            "p(95)": 30.362599999999997,
            "avg": 11.702752849162009,
            "min": 1.704,
            "med": 6.611,
            "max": 455.993
        },
        "checks": {
            "passes": 0,
            "fails": 8950,
            "value": 0
        },
        "iterations": {
            "count": 4475,
            "rate": 37.09198013700012
        },
        "http_req_connecting": {
            "max": 1.915,
            "p(90)": 0,
            "p(95)": 0,
            "avg": 0.004754636871508379,
            "min": 0,
            "med": 0
        },
        "iteration_duration": {
            "avg": 1013.7900049718426,
            "min": 1002.072959,
            "med": 1008.357667,
            "max": 1456.657875,
            "p(90)": 1020.834933,
            "p(95)": 1036.8463536999998
        },
        "vus_max": {
            "value": 50,
            "min": 50,
            "max": 50
        },
        "data_sent": {
            "count": 814450,
            "rate": 6750.740384934022
        },
        "http_req_blocked": {
            "max": 2.085,
            "p(90)": 0.009,
            "p(95)": 0.012,
            "avg": 0.013360000000000188,
            "min": 0,
            "med": 0.004
        },
        "http_req_sending": {
            "p(95)": 0.0692999999999998,
            "avg": 0.03024513966480477,
            "min": 0.002,
            "med": 0.013,
            "max": 4.832,
            "p(90)": 0.036
        },
        "http_req_duration": {
            "p(95)": 30.4134,
            "avg": 11.800086033519577,
            "min": 1.748,
            "med": 6.709,
            "max": 456.042,
            "p(90)": 17.5684,
            "thresholds": {
                "p(95)<500": false
            }
        },
        "http_req_tls_handshaking": {
            "avg": 0,
            "min": 0,
            "med": 0,
            "max": 0,
            "p(90)": 0,
            "p(95)": 0
        },
        "http_req_receiving": {
            "min": 0.005,
            "med": 0.027,
            "max": 19.002,
            "p(90)": 0.085,
            "p(95)": 0.143,
            "avg": 0.06708804469273708
        },
        "http_req_failed": {
            "passes": 4475,
            "fails": 0,
            "thresholds": {
                "rate<0.01": true
            },
            "value": 1
        },
        "http_reqs": {
            "count": 4475,
            "rate": 37.09198013700012
        }
    }
}