{
    "root_group": {
        "name": "",
        "path": "",
        "id": "d41d8cd98f00b204e9800998ecf8427e",
        "groups": {},
        "checks": {}
    },
    "metrics": {
        "iteration_duration": {
            "p(95)": 9.646100199999992,
            "avg": 3.88927871791105,
            "min": 0.378,
            "med": 2.979292,
            "max": 142.982917,
            "p(90)": 7.1195336000000005
        },
        "iterations": {
            "count": 386573,
            "rate": 9664.20033181572
        },
        "vus": {
            "value": 1,
            "min": 1,
            "max": 50
        },
        "http_req_receiving": {
            "avg": 0.01129924231645965,
            "min": 0.004,
            "med": 0.009,
            "max": 4.671,
            "p(90)": 0.015,
            "p(95)": 0.021
        },
        "http_req_failed": {
            "passes": 386573,
            "fails": 0,
            "value": 1
        },
        "http_req_tls_handshaking": {
            "min": 0,
            "med": 0,
            "max": 0,
            "p(90)": 0,
            "p(95)": 0,
            "avg": 0
        },
        "http_req_blocked": {
            "p(95)": 0.002,
            "avg": 0.0009548416469819478,
            "min": 0,
            "med": 0.001,
            "max": 2.53,
            "p(90)": 0.001
        },
        "data_received": {
            "rate": 4590058.163249695,
            "count": 183604695
        },
        "data_sent": {
            "count": 70356286,
            "rate": 1758884.4603904611
        },
        "http_req_sending": {
            "min": 0.001,
            "med": 0.003,
            "max": 1.485,
            "p(90)": 0.005,
            "p(95)": 0.007,
            "avg": 0.0035902274602564116
        },
        "vus_max": {
            "value": 50,
            "min": 50,
            "max": 50
        },
        "http_req_duration": {
            "max": 142.936,
            "p(90)": 7.091,
            "p(95)": 9.615,
            "avg": 3.8648285498469925,
            "min": 0.362,
            "med": 2.956
        },
        "http_req_waiting": {
            "p(95)": 9.596,
            "avg": 3.849939080070169,
            "min": 0.346,
            "med": 2.942,
            "max": 142.926,
            "p(90)": 7.074
        },
        "http_req_connecting": {
            "med": 0,
            "max": 1.516,
            "p(90)": 0,
            "p(95)": 0,
            "avg": 0.00003318907424988295,
            "min": 0
        },
        "http_reqs": {
            "rate": 9664.20033181572,
            "count": 386573
        }
    }
}