{
    "root_group": {
        "groups": {},
        "checks": {},
        "name": "",
        "path": "",
        "id": "d41d8cd98f00b204e9800998ecf8427e"
    },
    "metrics": {
        "vus": {
            "max": 50,
            "value": 1,
            "min": 1
        },
        "http_req_blocked": {
            "max": 11.214,
            "p(90)": 0.002,
            "p(95)": 0.003,
            "avg": 0.002103300935651965,
            "min": 0,
            "med": 0.001
        },
        "http_req_tls_handshaking": {
            "min": 0,
            "med": 0,
            "max": 0,
            "p(90)": 0,
            "p(95)": 0,
            "avg": 0
        },
        "data_received": {
            "count": 88915528,
            "rate": 2222822.7378703696
        },
        "data_sent": {
            "count": 34118084,
            "rate": 852926.9813004007
        },
        "http_reqs": {
            "count": 187462,
            "rate": 4686.411985167037
        },
        "http_req_failed": {
            "passes": 187462,
            "fails": 0,
            "thresholds": {
                "rate<0.05": true
            },
            "value": 1
        },
        "http_req_connecting": {
            "med": 0,
            "max": 3.2,
            "p(90)": 0,
            "p(95)": 0,
            "avg": 0.0001519828018478412,
            "min": 0
        },
        "http_req_sending": {
            "p(95)": 0.01,
            "avg": 0.008627391151256736,
            "min": 0.001,
            "med": 0.003,
            "max": 11.218,
            "p(90)": 0.007
        },
        "http_req_waiting": {
            "avg": 4.519426347739847,
            "min": 0.343,
            "med": 3.064,
            "max": 125.744,
            "p(90)": 8.937,
            "p(95)": 12.538
        },
        "vus_max": {
            "value": 50,
            "min": 50,
            "max": 50
        },
        "iteration_duration": {
            "p(95)": 20.064818449999997,
            "avg": 8.020606675992823,
            "min": 0.387625,
            "med": 5.794958,
            "max": 293.40075,
            "p(90)": 14.869153900000002
        },
        "iterations": {
            "count": 187462,
            "rate": 4686.411985167037
        },
        "http_req_duration": {
            "min": 0.356,
            "med": 3.088,
            "max": 125.837,
            "p(90)": 8.996,
            "p(95)": 12.59994999999999,
            "avg": 4.553323473557317,
            "thresholds": {
                "p(95)<1000": false
            }
        },
        "http_req_receiving": {
            "max": 23.996,
            "p(90)": 0.023,
            "p(95)": 0.045,
            "avg": 0.02526973466622486,
            "min": 0.004,
            "med": 0.008
        }
    }
}