{
    "root_group": {
        "name": "",
        "path": "",
        "id": "d41d8cd98f00b204e9800998ecf8427e",
        "groups": {},
        "checks": {}
    },
    "metrics": {
        "http_req_waiting": {
            "med": 3.051,
            "max": 115.469,
            "p(90)": 7.843,
            "p(95)": 10.709,
            "avg": 4.1096436845671445,
            "min": 0.302
        },
        "http_req_duration": {
            "avg": 4.125160447196853,
            "min": 0.312,
            "med": 3.064,
            "max": 115.489,
            "p(90)": 7.862,
            "p(95)": 10.729
        },
        "data_received": {
            "count": 229229584,
            "rate": 4584583.886207393
        },
        "data_sent": {
            "count": 87842482,
            "rate": 1756846.6533606893
        },
        "iteration_duration": {
            "min": 0.333375,
            "med": 3.087209,
            "max": 115.512791,
            "p(90)": 7.889834,
            "p(95)": 10.760145999999995,
            "avg": 4.149981687772294
        },
        "vus": {
            "value": 1,
            "min": 1,
            "max": 50
        },
        "http_req_blocked": {
            "avg": 0.0009355828538581821,
            "min": 0,
            "med": 0.001,
            "max": 1.99,
            "p(90)": 0.001,
            "p(95)": 0.002
        },
        "http_req_connecting": {
            "p(90)": 0,
            "p(95)": 0,
            "avg": 0.00002492898595465461,
            "min": 0,
            "med": 0,
            "max": 0.776
        },
        "http_req_failed": {
            "passes": 482651,
            "fails": 0,
            "value": 1
        },
        "http_req_tls_handshaking": {
            "p(90)": 0,
            "p(95)": 0,
            "avg": 0,
            "min": 0,
            "med": 0,
            "max": 0
        },
        "http_req_receiving": {
            "p(90)": 0.016,
            "p(95)": 0.025,
            "avg": 0.011973765723058765,
            "min": 0.004,
            "med": 0.008,
            "max": 9.101
        },
        "http_reqs": {
            "count": 482651,
            "rate": 9653.003589893897
        },
        "http_req_sending": {
            "p(90)": 0.005,
            "p(95)": 0.007,
            "avg": 0.0035429969066453565,
            "min": 0.001,
            "med": 0.002,
            "max": 3.083
        },
        "vus_max": {
            "value": 50,
            "min": 50,
            "max": 50
        },
        "iterations": {
            "count": 482651,
            "rate": 9653.003589893897
        }
    }
}