{
    "root_group": {
        "path": "",
        "id": "d41d8cd98f00b204e9800998ecf8427e",
        "groups": {},
        "checks": {},
        "name": ""
    },
    "metrics": {
        "iterations": {
            "count": 484466,
            "rate": 9689.135906417778
        },
        "data_sent": {
            "count": 88172812,
            "rate": 1763422.7349680355
        },
        "http_req_sending": {
            "avg": 0.0035156254515062105,
            "min": 0.001,
            "med": 0.002,
            "max": 8.404,
            "p(90)": 0.005,
            "p(95)": 0.007
        },
        "iteration_duration": {
            "med": 3.08925,
            "max": 86.61425,
            "p(90)": 7.894500000000002,
            "p(95)": 10.753375249999996,
            "avg": 4.134465352049422,
            "min": 0.29075
        },
        "vus": {
            "max": 50,
            "value": 1,
            "min": 1
        },
        "http_req_tls_handshaking": {
            "avg": 0,
            "min": 0,
            "med": 0,
            "max": 0,
            "p(90)": 0,
            "p(95)": 0
        },
        "data_received": {
            "count": 230058052,
            "rate": 4601073.619601227
        },
        "vus_max": {
            "value": 50,
            "min": 50,
            "max": 50
        },
        "http_req_receiving": {
            "avg": 0.011562825874262385,
            "min": 0.004,
            "med": 0.008,
            "max": 3.088,
            "p(90)": 0.016,
            "p(95)": 0.025
        },
        "http_reqs": {
            "count": 484466,
            "rate": 9689.135906417778
        },
        "http_req_blocked": {
            "avg": 0.0009439176330174082,
            "min": 0,
            "med": 0.001,
            "max": 2.721,
            "p(90)": 0.001,
            "p(95)": 0.002
        },
        "http_req_connecting": {
            "p(90)": 0,
            "p(95)": 0,
            "avg": 0.00002831158430106551,
            "min": 0,
            "med": 0,
            "max": 2.314
        },
        "http_req_waiting": {
            "max": 86.588,
            "p(90)": 7.85,
            "p(95)": 10.702,
            "avg": 4.094812911535531,
            "min": 0.266,
            "med": 3.052
        },
        "http_req_failed": {
            "passes": 484466,
            "fails": 0,
            "value": 1
        },
        "http_req_duration": {
            "p(95)": 10.724,
            "avg": 4.109891362861364,
            "min": 0.275,
            "med": 3.065,
            "max": 86.596,
            "p(90)": 7.867,
            "thresholds": {
                "p(95)<300": false
            }
        }
    }
}