{
    "root_group": {
        "id": "d41d8cd98f00b204e9800998ecf8427e",
        "groups": {},
        "checks": {},
        "name": "",
        "path": ""
    },
    "metrics": {
        "vus_max": {
            "max": 50,
            "value": 50,
            "min": 50
        },
        "vus": {
            "value": 1,
            "min": 1,
            "max": 50
        },
        "data_sent": {
            "count": 85046598,
            "rate": 1700823.0052782819
        },
        "http_req_connecting": {
            "avg": 0.000029480685400255515,
            "min": 0,
            "med": 0,
            "max": 2.7,
            "p(90)": 0,
            "p(95)": 0
        },
        "http_req_blocked": {
            "med": 0.001,
            "max": 8.27,
            "p(90)": 0.001,
            "p(95)": 0.002,
            "avg": 0.0009566306932060631,
            "min": 0
        },
        "http_req_tls_handshaking": {
            "p(95)": 0,
            "avg": 0,
            "min": 0,
            "med": 0,
            "max": 0,
            "p(90)": 0
        },
        "iterations": {
            "count": 467289,
            "rate": 9345.181347682868
        },
        "http_req_duration": {
            "avg": 4.2631171074004275,
            "min": 0.321,
            "med": 3.233,
            "max": 216.443,
            "p(90)": 7.723,
            "p(95)": 10.472
        },
        "data_received": {
            "count": 221411263,
            "rate": 4427941.606060715
        },
        "http_req_sending": {
            "max": 2.831,
            "p(90)": 0.005,
            "p(95)": 0.007,
            "avg": 0.0035298969160206506,
            "min": 0.001,
            "med": 0.002
        },
        "http_reqs": {
            "count": 467289,
            "rate": 9345.181347682868
        },
        "http_req_receiving": {
            "avg": 0.011000543560837543,
            "min": 0.004,
            "med": 0.008,
            "max": 2.732,
            "p(90)": 0.015,
            "p(95)": 0.02
        },
        "http_req_failed": {
            "passes": 467289,
            "fails": 0,
            "value": 1
        },
        "http_req_waiting": {
            "avg": 4.248586666923392,
            "min": 0.311,
            "med": 3.22,
            "max": 216.432,
            "p(90)": 7.707,
            "p(95)": 10.454
        },
        "iteration_duration": {
            "min": 0.335125,
            "med": 3.255667,
            "max": 216.46225,
            "p(90)": 7.75025,
            "p(95)": 10.5027086,
            "avg": 4.28713099969191
        }
    }
}