{
    "root_group": {
        "groups": {},
        "checks": {},
        "name": "",
        "path": "",
        "id": "d41d8cd98f00b204e9800998ecf8427e"
    },
    "metrics": {
        "iterations": {
            "rate": 8738.273854480134,
            "count": 349535
        },
        "http_req_sending": {
            "avg": 0.0037174589096808834,
            "min": 0.001,
            "med": 0.003,
            "max": 5.534,
            "p(90)": 0.005,
            "p(95)": 0.008
        },
        "vus": {
            "min": 1,
            "max": 50,
            "value": 1
        },
        "iteration_duration": {
            "med": 3.006875,
            "max": 129.241792,
            "p(90)": 8.155541200000004,
            "p(95)": 11.4933873,
            "avg": 4.301489144726598,
            "min": 0.352916
        },
        "http_req_blocked": {
            "min": 0,
            "med": 0.001,
            "max": 6.499,
            "p(90)": 0.001,
            "p(95)": 0.002,
            "avg": 0.0010444590670429796
        },
        "http_req_duration": {
            "avg": 4.275797757020007,
            "min": 0.337,
            "med": 2.983,
            "max": 129.201,
            "p(90)": 8.127,
            "p(95)": 11.464299999999986
        },
        "http_req_waiting": {
            "avg": 4.25975884246212,
            "min": 0.324,
            "med": 2.968,
            "max": 129.15,
            "p(90)": 8.106600000000007,
            "p(95)": 11.442
        },
        "data_received": {
            "count": 166026008,
            "rate": 4150602.156780035
        },
        "http_reqs": {
            "count": 349535,
            "rate": 8738.273854480134
        },
        "http_req_failed": {
            "passes": 349535,
            "fails": 0,
            "value": 1
        },
        "http_req_connecting": {
            "med": 0,
            "max": 0.893,
            "p(90)": 0,
            "p(95)": 0,
            "avg": 0.00003966126425107644,
            "min": 0
        },
        "http_req_receiving": {
            "med": 0.009,
            "max": 6.619,
            "p(90)": 0.016,
            "p(95)": 0.027,
            "avg": 0.012321455648221671,
            "min": 0.004
        },
        "vus_max": {
            "value": 50,
            "min": 50,
            "max": 50
        },
        "data_sent": {
            "count": 63615370,
            "rate": 1590365.8415153844
        },
        "http_req_tls_handshaking": {
            "p(95)": 0,
            "avg": 0,
            "min": 0,
            "med": 0,
            "max": 0,
            "p(90)": 0
        }
    }
}