{
    "root_group": {
        "groups": {},
        "checks": {
                "checkout ok": {
                    "name": "checkout ok",
                    "path": "::checkout ok",
                    "id": "022ebb263ea0594b856f7b013cb81abe",
                    "passes": 0,
                    "fails": 11825
                }
            },
        "name": "",
        "path": "",
        "id": "d41d8cd98f00b204e9800998ecf8427e"
    },
    "metrics": {
        "http_req_blocked": {
            "p(90)": 0.004,
            "p(95)": 0.004,
            "avg": 0.002529048625793075,
            "min": 0,
            "med": 0.002,
            "max": 1.892
        },
        "data_sent": {
            "count": 8312975,
            "rate": 83126.40416223247
        },
        "iteration_duration": {
            "avg": 8.447575605412258,
            "min": 5.229041,
            "med": 7.637917,
            "max": 176.838708,
            "p(90)": 11.5298582,
            "p(95)": 13.5368246
        },
        "http_reqs": {
            "count": 23650,
            "rate": 236.49048125812936
        },
        "http_req_connecting": {
            "avg": 0.000011627906976744187,
            "min": 0,
            "med": 0,
            "max": 0.275,
            "p(90)": 0,
            "p(95)": 0
        },
        "http_req_tls_handshaking": {
            "p(95)": 0,
            "avg": 0,
            "min": 0,
            "med": 0,
            "max": 0,
            "p(90)": 0
        },
        "data_received": {
            "count": 10818665,
            "rate": 108182.29566259959
        },
        "iterations": {
            "count": 11825,
            "rate": 118.24524062906468
        },
        "http_req_waiting": {
            "med": 3.963,
            "max": 90.128,
            "p(90)": 6.542,
            "p(95)": 7.733549999999998,
            "avg": 4.092274672304462,
            "min": 1.448
        },
        "http_req_receiving": {
            "med": 0.041,
            "max": 3.645,
            "p(90)": 0.089,
            "p(95)": 0.112,
            "avg": 0.05074460887949241,
            "min": 0.011
        },
        "http_req_sending": {
            "p(90)": 0.016,
            "p(95)": 0.018,
            "avg": 0.01069120507399504,
            "min": 0.002,
            "med": 0.01,
            "max": 0.294
        },
        "http_req_duration{expected_response:true}": {
            "p(90)": 6.6081,
            "p(95)": 7.813549999999998,
            "avg": 4.153710486257914,
            "min": 1.478,
            "med": 4.018,
            "max": 90.341
        },
        "vus_max": {
            "value": 1,
            "min": 1,
            "max": 1
        },
        "checks": {
            "passes": 0,
            "fails": 11825,
            "value": 0
        },
        "vus": {
            "value": 1,
            "min": 1,
            "max": 1
        },
        "http_req_failed": {
            "passes": 0,
            "fails": 23650,
            "thresholds": {
                "rate<0.1": false
            },
            "value": 0
        },
        "http_req_duration": {
            "avg": 4.153710486257914,
            "min": 1.478,
            "med": 4.018,
            "max": 90.341,
            "p(90)": 6.6081,
            "p(95)": 7.813549999999998,
            "thresholds": {
                "p(95)<10000": false
            }
        }
    }
}