{
    "root_group": {
        "checks": {
            "checkout ok": {
                "name": "checkout ok",
                "path": "::checkout ok",
                "id": "022ebb263ea0594b856f7b013cb81abe",
                "passes": 0,
                "fails": 61002
            }
        },
        "name": "",
        "path": "",
        "id": "d41d8cd98f00b204e9800998ecf8427e",
        "groups": {}
    },
    "metrics": {
        "vus_max": {
            "value": 1,
            "min": 1,
            "max": 1
        },
        "vus": {
            "value": 1,
            "min": 1,
            "max": 1
        },
        "http_req_blocked": {
            "p(90)": 0.003,
            "p(95)": 0.004,
            "avg": 0.002486656175207306,
            "min": 0,
            "med": 0.001,
            "max": 8.057
        },
        "data_sent": {
            "count": 22387734,
            "rate": 223858.10387313418
        },
        "data_received": {
            "count": 30256992,
            "rate": 302543.92240074807
        },
        "iteration_duration": {
            "avg": 1.6313154883446377,
            "min": 0.633833,
            "med": 1.184063,
            "max": 334.622416,
            "p(90)": 2.2104087000000003,
            "p(95)": 3.3401964499999997
        },
        "http_req_duration": {
            "max": 332.834,
            "p(90)": 0.933,
            "p(95)": 1.415,
            "avg": 0.7513234811973323,
            "min": 0.289,
            "med": 0.533,
            "thresholds": {
                "p(95)<10000": false
            }
        },
        "http_reqs": {
            "count": 122004,
            "rate": 1219.9351709707585
        },
        "http_req_waiting": {
            "avg": 0.7143277515491309,
            "min": 0.277,
            "med": 0.507,
            "max": 332.005,
            "p(90)": 0.879,
            "p(95)": 1.325
        },
        "checks": {
            "passes": 0,
            "fails": 61002,
            "value": 0
        },
        "http_req_sending": {
            "avg": 0.009785875872919621,
            "min": 0.001,
            "med": 0.006,
            "max": 42.908,
            "p(90)": 0.013,
            "p(95)": 0.017
        },
        "http_req_receiving": {
            "p(90)": 0.034,
            "p(95)": 0.051,
            "avg": 0.02720985377528435,
            "min": 0.005,
            "med": 0.016,
            "max": 60.847
        },
        "http_req_tls_handshaking": {
            "avg": 0,
            "min": 0,
            "med": 0,
            "max": 0,
            "p(90)": 0,
            "p(95)": 0
        },
        "iterations": {
            "count": 61002,
            "rate": 609.9675854853792
        },
        "http_req_failed": {
            "passes": 122004,
            "fails": 0,
            "thresholds": {
                "rate<0.1": true
            },
            "value": 1
        },
        "http_req_connecting": {
            "p(90)": 0,
            "p(95)": 0,
            "avg": 0.000001540933084161175,
            "min": 0,
            "med": 0,
            "max": 0.188
        }
    }
}