{
    "root_group": {
        "name": "",
        "path": "",
        "id": "d41d8cd98f00b204e9800998ecf8427e",
        "groups": {},
        "checks": {
                "status 200": {
                    "fails": 0,
                    "name": "status 200",
                    "path": "::status 200",
                    "id": "fad9fa412b86fcb03bee97c80dcd61f1",
                    "passes": 404277
                }
            }
    },
    "metrics": {
        "http_req_blocked": {
            "min": 0,
            "med": 0.001,
            "max": 2.533,
            "p(90)": 0.001,
            "p(95)": 0.002,
            "avg": 0.0008804334651712236
        },
        "http_req_duration": {
            "max": 54.741,
            "p(90)": 2.523,
            "p(95)": 2.852,
            "avg": 1.963792187040041,
            "min": 0.823,
            "med": 1.876,
            "thresholds": {
                "p(95)<2000": false
            }
        },
        "vus": {
            "value": 1,
            "min": 1,
            "max": 10
        },
        "vus_max": {
            "min": 10,
            "max": 10,
            "value": 10
        },
        "http_reqs": {
            "rate": 4042.6784333334854,
            "count": 404277
        },
        "http_req_connecting": {
            "med": 0,
            "max": 0.423,
            "p(90)": 0,
            "p(95)": 0,
            "avg": 0.000006616750396386636,
            "min": 0
        },
        "http_req_waiting": {
            "avg": 1.8904864585420433,
            "min": 0.697,
            "med": 1.807,
            "max": 54.467,
            "p(90)": 2.426,
            "p(95)": 2.743
        },
        "http_req_receiving": {
            "avg": 0.07051306158891289,
            "min": 0.004,
            "med": 0.026,
            "max": 50.545,
            "p(90)": 0.184,
            "p(95)": 0.247
        },
        "data_sent": {
            "count": 31533606,
            "rate": 315328.91780001187
        },
        "data_received": {
            "count": 424792278,
            "rate": 4247826.566728264
        },
        "http_req_failed": {
            "passes": 0,
            "fails": 404277,
            "thresholds": {
                "rate<0.05": false
            },
            "value": 0
        },
        "http_req_sending": {
            "min": 0,
            "med": 0.002,
            "max": 0.524,
            "p(90)": 0.005,
            "p(95)": 0.008,
            "avg": 0.0027926669090594376
        },
        "http_req_tls_handshaking": {
            "med": 0,
            "max": 0,
            "p(90)": 0,
            "p(95)": 0,
            "avg": 0,
            "min": 0
        },
        "http_req_duration{expected_response:true}": {
            "p(90)": 2.523,
            "p(95)": 2.852,
            "avg": 1.963792187040041,
            "min": 0.823,
            "med": 1.876,
            "max": 54.741
        },
        "checks": {
            "fails": 0,
            "passes": 404277,
            "value": 1
        },
        "iteration_duration": {
            "avg": 1.9880709342727865,
            "min": 0.840667,
            "med": 1.899041,
            "max": 54.816708,
            "p(90)": 2.5518914,
            "p(95)": 2.8831751999999993
        },
        "iterations": {
            "count": 404277,
            "rate": 4042.6784333334854
        }
    }
}