{
    "root_group": {
        "name": "",
        "path": "",
        "id": "d41d8cd98f00b204e9800998ecf8427e",
        "groups": {},
        "checks": {
                "status 200": {
                    "passes": 367661,
                    "fails": 0,
                    "name": "status 200",
                    "path": "::status 200",
                    "id": "fad9fa412b86fcb03bee97c80dcd61f1"
                }
            }
    },
    "metrics": {
        "vus": {
            "value": 1,
            "min": 1,
            "max": 10
        },
        "data_received": {
            "count": 386305053,
            "rate": 3862985.477324562
        },
        "iteration_duration": {
            "avg": 2.1863288789699764,
            "min": 0.674875,
            "med": 1.832167,
            "max": 1316.419583,
            "p(90)": 2.638542,
            "p(95)": 3.23275
        },
        "http_req_blocked": {
            "avg": 0.0009664963104571811,
            "min": 0,
            "med": 0.001,
            "max": 2.408,
            "p(90)": 0.002,
            "p(95)": 0.002
        },
        "http_req_connecting": {
            "avg": 0.000009307487060090682,
            "min": 0,
            "med": 0,
            "max": 0.635,
            "p(90)": 0,
            "p(95)": 0
        },
        "http_req_duration{expected_response:true}": {
            "max": 1316.327,
            "p(90)": 2.61,
            "p(95)": 3.199,
            "avg": 2.161053840358287,
            "min": 0.655,
            "med": 1.809
        },
        "http_req_sending": {
            "p(90)": 0.006,
            "p(95)": 0.009,
            "avg": 0.0029920769404266296,
            "min": 0,
            "med": 0.002,
            "max": 1.783
        },
        "vus_max": {
            "value": 10,
            "min": 10,
            "max": 10
        },
        "http_req_tls_handshaking": {
            "avg": 0,
            "min": 0,
            "med": 0,
            "max": 0,
            "p(90)": 0,
            "p(95)": 0
        },
        "http_req_waiting": {
            "avg": 2.0805476349136987,
            "min": 0.64,
            "med": 1.741,
            "max": 1315.477,
            "p(90)": 2.504,
            "p(95)": 3.066
        },
        "data_sent": {
            "count": 28677558,
            "rate": 286770.7507805569
        },
        "http_req_receiving": {
            "min": 0.003,
            "med": 0.025,
            "max": 227.014,
            "p(90)": 0.186,
            "p(95)": 0.255,
            "avg": 0.07751412850419354
        },
        "checks": {
            "passes": 367661,
            "fails": 0,
            "value": 1
        },
        "http_req_duration": {
            "p(90)": 2.61,
            "p(95)": 3.199,
            "avg": 2.161053840358287,
            "min": 0.655,
            "med": 1.809,
            "max": 1316.327,
            "thresholds": {
                "p(95)<2000": false
            }
        },
        "http_req_failed": {
            "passes": 0,
            "fails": 367661,
            "thresholds": {
                "rate<0.05": false
            },
            "value": 0
        },
        "iterations": {
            "count": 367661,
            "rate": 3676.5480869302164
        },
        "http_reqs": {
            "count": 367661,
            "rate": 3676.5480869302164
        }
    }
}