{
    "root_group": {
        "name": "",
        "path": "",
        "id": "d41d8cd98f00b204e9800998ecf8427e",
        "groups": {},
        "checks": {
                "status 200": {
                    "name": "status 200",
                    "path": "::status 200",
                    "id": "fad9fa412b86fcb03bee97c80dcd61f1",
                    "passes": 0,
                    "fails": 879086
                }
            }
    },
    "metrics": {
        "vus_max": {
            "value": 10,
            "min": 10,
            "max": 10
        },
        "http_reqs": {
            "count": 879086,
            "rate": 8790.694998654875
        },
        "http_req_blocked": {
            "avg": 0.0007404804535553904,
            "min": 0,
            "med": 0.001,
            "max": 2.561,
            "p(90)": 0.001,
            "p(95)": 0.002
        },
        "data_received": {
            "count": 240869564,
            "rate": 2408650.429631436
        },
        "http_req_tls_handshaking": {
            "p(95)": 0,
            "avg": 0,
            "min": 0,
            "med": 0,
            "max": 0,
            "p(90)": 0
        },
        "http_req_sending": {
            "avg": 0.002231937489598495,
            "min": 0,
            "med": 0.002,
            "max": 0.645,
            "p(90)": 0.004,
            "p(95)": 0.006
        },
        "iterations": {
            "count": 879086,
            "rate": 8790.694998654875
        },
        "http_req_connecting": {
            "min": 0,
            "med": 0,
            "max": 0.412,
            "p(90)": 0,
            "p(95)": 0,
            "avg": 0.000002504874380891062
        },
        "http_req_waiting": {
            "med": 0.634,
            "max": 4075.986,
            "p(90)": 1.043,
            "p(95)": 1.362,
            "avg": 0.8831561053184778,
            "min": 0.254
        },
        "http_req_duration": {
            "med": 0.645,
            "max": 4076.013,
            "p(90)": 1.056,
            "p(95)": 1.375,
            "avg": 0.8940890140441015,
            "min": 0.259,
            "thresholds": {
                "p(95)<2000": false
            }
        },
        "http_req_receiving": {
            "avg": 0.008700971236032978,
            "min": 0.002,
            "med": 0.006,
            "max": 1.164,
            "p(90)": 0.018,
            "p(95)": 0.024
        },
        "checks": {
            "passes": 0,
            "fails": 879086,
            "value": 0
        },
        "vus": {
            "max": 10,
            "value": 1,
            "min": 1
        },
        "iteration_duration": {
            "p(90)": 1.079625,
            "p(95)": 1.4000727499999983,
            "avg": 0.9132238104349659,
            "min": 0.271334,
            "med": 0.663792,
            "max": 4076.026833
        },
        "http_req_failed": {
            "passes": 879086,
            "fails": 0,
            "thresholds": {
                "rate<0.05": true
            },
            "value": 1
        },
        "data_sent": {
            "count": 68568708,
            "rate": 685674.2098950803
        }
    }
}