{
    "metrics": {
        "http_req_blocked": {
            "p(95)": 0.001,
            "avg": 0.0005406733986809473,
            "min": 0,
            "med": 0.001,
            "max": 1.786,
            "p(90)": 0.001
        },
        "iteration_duration": {
            "med": 0.399583,
            "max": 10.360667,
            "p(90)": 0.4915418,
            "p(95)": 0.545625,
            "avg": 0.42143969742324683,
            "min": 0.2695
        },
        "http_req_waiting": {
            "avg": 0.18962707555107053,
            "min": 0.115,
            "med": 0.179,
            "max": 7,
            "p(90)": 0.223,
            "p(95)": 0.25
        },
        "checks": {
            "passes": 0,
            "fails": 236383,
            "value": 0
        },
        "http_req_sending": {
            "p(95)": 0.003,
            "avg": 0.0017145162723073808,
            "min": 0,
            "med": 0.001,
            "max": 1.024,
            "p(90)": 0.002
        },
        "http_req_receiving": {
            "avg": 0.005779123287214703,
            "min": 0.003,
            "med": 0.005,
            "max": 1.334,
            "p(90)": 0.008,
            "p(95)": 0.01
        },
        "data_sent": {
            "count": 96680647,
            "rate": 966792.4321738848
        },
        "http_reqs": {
            "count": 472766,
            "rate": 4727.59135537352
        },
        "http_req_tls_handshaking": {
            "p(90)": 0,
            "p(95)": 0,
            "avg": 0,
            "min": 0,
            "med": 0,
            "max": 0
        },
        "data_received": {
            "count": 190997464,
            "rate": 1909946.907570902
        },
        "vus": {
            "value": 1,
            "min": 1,
            "max": 1
        },
        "http_req_duration": {
            "avg": 0.19712071511064136,
            "min": 0.12,
            "med": 0.186,
            "max": 7.076,
            "p(90)": 0.233,
            "p(95)": 0.26,
            "thresholds": {
                "p(95)<10000": false
            }
        },
        "iterations": {
            "count": 236383,
            "rate": 2363.79567768676
        },
        "vus_max": {
            "min": 1,
            "max": 1,
            "value": 1
        },
        "http_req_failed": {
            "passes": 472766,
            "fails": 0,
            "thresholds": {
                "rate<0.1": true
            },
            "value": 1
        },
        "http_req_connecting": {
            "p(90)": 0,
            "p(95)": 0,
            "avg": 8.56660588959443e-7,
            "min": 0,
            "med": 0,
            "max": 0.405
        }
    },
    "root_group": {
        "id": "d41d8cd98f00b204e9800998ecf8427e",
        "groups": {},
        "checks": {
                "checkout ok": {
                    "passes": 0,
                    "fails": 236383,
                    "name": "checkout ok",
                    "path": "::checkout ok",
                    "id": "022ebb263ea0594b856f7b013cb81abe"
                }
            },
        "name": "",
        "path": ""
    }
}