{
    "root_group": {
        "name": "",
        "path": "",
        "id": "d41d8cd98f00b204e9800998ecf8427e",
        "groups": {},
        "checks": {
                "checkout ok": {
                    "path": "::checkout ok",
                    "id": "022ebb263ea0594b856f7b013cb81abe",
                    "passes": 0,
                    "fails": 15158,
                    "name": "checkout ok"
                }
            }
    },
    "metrics": {
        "checks": {
            "passes": 0,
            "fails": 15158,
            "value": 0
        },
        "http_req_failed": {
            "passes": 0,
            "fails": 30316,
            "thresholds": {
                "rate<0.1": false
            },
            "value": 0
        },
        "http_reqs": {
            "count": 30316,
            "rate": 303.1485591733768
        },
        "http_req_receiving": {
            "p(95)": 0.1,
            "avg": 0.04887554426705265,
            "min": 0.011,
            "med": 0.04,
            "max": 5.383,
            "p(90)": 0.079
        },
        "iteration_duration": {
            "med": 6.2845835,
            "max": 141.661166,
            "p(90)": 7.8122206,
            "p(95)": 8.446399999999999,
            "avg": 6.586914231956734,
            "min": 4.916792
        },
        "vus": {
            "value": 1,
            "min": 1,
            "max": 1
        },
        "http_req_tls_handshaking": {
            "avg": 0,
            "min": 0,
            "med": 0,
            "max": 0,
            "p(90)": 0,
            "p(95)": 0
        },
        "data_sent": {
            "count": 10656074,
            "rate": 106556.71854944194
        },
        "data_received": {
            "count": 13896452,
            "rate": 138959.27567693594
        },
        "iterations": {
            "count": 15158,
            "rate": 151.5742795866884
        },
        "http_req_connecting": {
            "med": 0,
            "max": 0.423,
            "p(90)": 0,
            "p(95)": 0,
            "avg": 0.0000139530281039715,
            "min": 0
        },
        "vus_max": {
            "value": 1,
            "min": 1,
            "max": 1
        },
        "http_req_sending": {
            "med": 0.011,
            "max": 1.338,
            "p(90)": 0.018,
            "p(95)": 0.02,
            "avg": 0.011843086159122785,
            "min": 0.002
        },
        "http_req_waiting": {
            "med": 3.458,
            "max": 87.269,
            "p(90)": 4.774,
            "p(95)": 5.223,
            "avg": 3.156580584509822,
            "min": 1.343
        },
        "http_req_duration{expected_response:true}": {
            "max": 87.336,
            "p(90)": 4.838,
            "p(95)": 5.292,
            "avg": 3.217299214936009,
            "min": 1.378,
            "med": 3.51
        },
        "http_req_duration": {
            "min": 1.378,
            "med": 3.51,
            "max": 87.336,
            "p(90)": 4.838,
            "p(95)": 5.292,
            "avg": 3.217299214936009,
            "thresholds": {
                "p(95)<10000": false
            }
        },
        "http_req_blocked": {
            "avg": 0.002768834938646298,
            "min": 0,
            "med": 0.002,
            "max": 2.366,
            "p(90)": 0.004,
            "p(95)": 0.004
        }
    }
}