{
    "root_group": {
        "name": "",
        "path": "",
        "id": "d41d8cd98f00b204e9800998ecf8427e",
        "groups": {},
        "checks": {}
    },
    "metrics": {
        "http_reqs": {
            "count": 311287,
            "rate": 7782.16177032499
        },
        "http_req_failed": {
            "passes": 311287,
            "fails": 0,
            "value": 1
        },
        "iterations": {
            "count": 311287,
            "rate": 7782.16177032499
        },
        "vus_max": {
            "value": 50,
            "min": 50,
            "max": 50
        },
        "http_req_sending": {
            "min": 0.001,
            "med": 0.003,
            "max": 4.043,
            "p(90)": 0.005,
            "p(95)": 0.008,
            "avg": 0.0037185330579072758
        },
        "data_sent": {
            "count": 56654234,
            "rate": 1416353.4421991482
        },
        "iteration_duration": {
            "avg": 4.830548119115192,
            "min": 0.33275,
            "med": 3.371334,
            "max": 732.319708,
            "p(90)": 8.693658200000002,
            "p(95)": 12.283612699999999
        },
        "http_req_waiting": {
            "avg": 4.789118125716726,
            "min": 0.31,
            "med": 3.334,
            "max": 732.262,
            "p(90)": 8.639400000000007,
            "p(95)": 12.225699999999987
        },
        "vus": {
            "value": 1,
            "min": 1,
            "max": 50
        },
        "http_req_blocked": {
            "p(95)": 0.002,
            "avg": 0.0010645481500975618,
            "min": 0,
            "med": 0.001,
            "max": 4.107,
            "p(90)": 0.001
        },
        "http_req_connecting": {
            "avg": 0.00008864488398166325,
            "min": 0,
            "med": 0,
            "max": 3.419,
            "p(90)": 0,
            "p(95)": 0
        },
        "http_req_tls_handshaking": {
            "min": 0,
            "med": 0,
            "max": 0,
            "p(90)": 0,
            "p(95)": 0,
            "avg": 0
        },
        "data_received": {
            "count": 147217787,
            "rate": 3680438.418254689
        },
        "http_req_receiving": {
            "min": 0.004,
            "med": 0.009,
            "max": 14.489,
            "p(90)": 0.016,
            "p(95)": 0.023,
            "avg": 0.012284309977613272
        },
        "http_req_duration": {
            "max": 732.278,
            "p(90)": 8.662,
            "p(95)": 12.253,
            "avg": 4.805120968752354,
            "min": 0.318,
            "med": 3.348
        }
    }
}