{
    "root_group": {
        "name": "",
        "path": "",
        "id": "d41d8cd98f00b204e9800998ecf8427e",
        "groups": {},
        "checks": {}
    },
    "metrics": {
        "data_sent": {
            "count": 60057088,
            "rate": 1501415.2637486532
        },
        "http_req_duration": {
            "avg": 4.529357223380583,
            "min": 0.355,
            "med": 3.17,
            "max": 478.209,
            "p(90)": 8.626,
            "p(95)": 11.937,
            "thresholds": {
                "p(95)<500": false
            }
        },
        "http_req_connecting": {
            "p(90)": 0,
            "p(95)": 0,
            "avg": 0.00006871242242048102,
            "min": 0,
            "med": 0,
            "max": 3.494
        },
        "http_req_blocked": {
            "med": 0.001,
            "max": 3.557,
            "p(90)": 0.001,
            "p(95)": 0.002,
            "avg": 0.0010952924990272628,
            "min": 0
        },
        "iterations": {
            "count": 329984,
            "rate": 8249.534416201392
        },
        "http_req_receiving": {
            "avg": 0.013268006933673911,
            "min": 0.004,
            "med": 0.009,
            "max": 5.742,
            "p(90)": 0.019,
            "p(95)": 0.032
        },
        "http_req_sending": {
            "p(95)": 0.009,
            "avg": 0.003992323870233129,
            "min": 0.001,
            "med": 0.002,
            "max": 3.626,
            "p(90)": 0.006
        },
        "iteration_duration": {
            "avg": 4.55679527074034,
            "min": 0.373084,
            "med": 3.1956664999999997,
            "max": 478.246,
            "p(90)": 8.6595749,
            "p(95)": 11.969356249999997
        },
        "http_req_waiting": {
            "med": 3.154,
            "max": 478.177,
            "p(90)": 8.605700000000008,
            "p(95)": 11.909849999999986,
            "avg": 4.512096892576494,
            "min": 0.347
        },
        "data_received": {
            "count": 154555522,
            "rate": 3863857.332334208
        },
        "vus": {
            "value": 1,
            "min": 1,
            "max": 50
        },
        "http_reqs": {
            "count": 329984,
            "rate": 8249.534416201392
        },
        "http_req_failed": {
            "fails": 0,
            "passes": 329984,
            "thresholds": {
                "rate<0.01": true
            },
            "value": 1
        },
        "http_req_tls_handshaking": {
            "max": 0,
            "p(90)": 0,
            "p(95)": 0,
            "avg": 0,
            "min": 0,
            "med": 0
        },
        "vus_max": {
            "value": 50,
            "min": 50,
            "max": 50
        }
    }
}